{
  "permanent_breaker": false,
  "total_peak_equity": 100888.27873431685,
  "daily_start_equity": 99769.0353757774,
  "weekly_start_equity": 99769.0353757774,
  "saved_at": 1774594780.5718107
}